date,year,week,ili_fmc,ili_pmp,pos_total,ili_plus,in_covid_window,suppression_flag,ili_plus_raw,ili_plus_imputed,ili_plus_spline,ili_plus_linear,imputation_note
2019-01-05,2019.0,1.0,4.1,42.8,0.1982,0.0081261999999999,False,False,0.0081261999999999,0.0081261999999999,0.0081261999999999,0.0081261999999999,Observed
2019-01-12,2019.0,2.0,6.4,47.9,0.2517,0.0161088,False,False,0.0161088,0.0161088,0.0161088,0.0161088,Observed
2019-01-19,2019.0,3.0,7.7,54.6,0.2995,0.0230615,False,False,0.0230615,0.0230615,0.0230615,0.0230615,Observed
2019-01-26,2019.0,4.0,7.2,61.5,0.2585,0.018612,False,False,0.018612,0.018612,0.018612,0.018612,Observed
2019-02-02,2019.0,5.0,5.9,43.3,0.203,0.011977,False,False,0.011977,0.011977,0.011977,0.011977,Observed
2019-02-09,2019.0,6.0,6.8,26.8,0.1665,0.011322,False,False,0.011322,0.011322,0.011322,0.011322,Observed
2019-02-16,2019.0,7.0,5.1,29.0,0.1588,0.0080988,False,False,0.0080988,0.0080988,0.0080988,0.0080988,Observed
2019-02-23,2019.0,8.0,4.3,38.2,0.1379,0.0059296999999999,False,False,0.0059296999999999,0.0059296999999999,0.0059296999999999,0.0059296999999999,Observed
2019-03-02,2019.0,9.0,4.5,47.6,0.1334,0.006003,False,False,0.006003,0.006003,0.006003,0.006003,Observed
2019-03-09,2019.0,10.0,4.1,42.8,0.1251,0.0051290999999999,False,False,0.0051290999999999,0.0051290999999999,0.0051290999999999,0.0051290999999999,Observed
2019-03-16,2019.0,11.0,3.4,39.5,0.1189,0.0040425999999999,False,False,0.0040425999999999,0.0040425999999999,0.0040425999999999,0.0040425999999999,Observed
2019-03-23,2019.0,12.0,3.6,40.4,0.092,0.003312,False,False,0.003312,0.003312,0.003312,0.003312,Observed
2019-03-30,2019.0,13.0,2.6,36.5,0.0812,0.0021111999999999,False,False,0.0021111999999999,0.0021111999999999,0.0021111999999999,0.0021111999999999,Observed
2019-04-06,2019.0,14.0,2.6,33.5,0.0636,0.0016536,False,False,0.0016536,0.0016536,0.0016536,0.0016536,Observed
2019-04-13,2019.0,15.0,2.4,30.1,0.0483,0.0011592,False,False,0.0011592,0.0011592,0.0011592,0.0011592,Observed
2019-04-20,2019.0,16.0,2.4,36.6,0.0439,0.0010536,False,False,0.0010536,0.0010536,0.0010536,0.0010536,Observed
2019-04-27,2019.0,17.0,2.4,29.6,0.0603,0.0014472,False,False,0.0014472,0.0014472,0.0014472,0.0014472,Observed
2019-05-04,2019.0,18.0,2.2,28.0,0.0598,0.0013156,False,False,0.0013156,0.0013156,0.0013156,0.0013156,Observed
2019-05-11,2019.0,19.0,2.1,19.0,0.0495,0.0010395,False,False,0.0010395,0.0010395,0.0010395,0.0010395,Observed
2019-05-18,2019.0,20.0,2.7,27.9,0.065,0.001755,False,False,0.001755,0.001755,0.001755,0.001755,Observed
2019-05-25,2019.0,21.0,3.0,38.9,0.0697,0.002091,False,False,0.002091,0.002091,0.002091,0.002091,Observed
2019-06-01,2019.0,22.0,3.0,34.6,0.0656,0.001968,False,False,0.001968,0.001968,0.001968,0.001968,Observed
2019-06-08,2019.0,23.0,3.4,24.4,0.065,0.0022099999999999,False,False,0.0022099999999999,0.0022099999999999,0.0022099999999999,0.0022099999999999,Observed
2019-06-15,2019.0,24.0,3.1,36.8,0.0764,0.0023683999999999,False,False,0.0023683999999999,0.0023683999999999,0.0023683999999999,0.0023683999999999,Observed
2019-06-22,2019.0,25.0,2.4,33.2,0.0778,0.0018671999999999,False,False,0.0018671999999999,0.0018671999999999,0.0018671999999999,0.0018671999999999,Observed
2019-06-29,2019.0,26.0,2.8,32.4,0.0792,0.0022176,False,False,0.0022176,0.0022176,0.0022176,0.0022176,Observed
2019-07-06,2019.0,27.0,3.0,43.7,0.0981,0.002943,False,False,0.002943,0.002943,0.002943,0.002943,Observed
2019-07-13,2019.0,28.0,3.3,46.3,0.0918,0.0030294,False,False,0.0030294,0.0030294,0.0030294,0.0030294,Observed
2019-07-20,2019.0,29.0,2.7,41.7,0.0787,0.0021249,False,False,0.0021249,0.0021249,0.0021249,0.0021249,Observed
2019-07-27,2019.0,30.0,2.9,46.1,0.0708,0.0020532,False,False,0.0020532,0.0020532,0.0020532,0.0020532,Observed
2019-08-03,2019.0,31.0,1.9,41.0,0.0532,0.0010107999999999,False,False,0.0010107999999999,0.0010107999999999,0.0010107999999999,0.0010107999999999,Observed
2019-08-10,2019.0,32.0,2.1,34.4,0.0438,0.0009198,False,False,0.0009198,0.0009198,0.0009198,0.0009198,Observed
2019-08-17,2019.0,33.0,2.0,29.3,0.0329,0.000658,False,False,0.000658,0.000658,0.000658,0.000658,Observed
2019-08-24,2019.0,34.0,1.9,34.6,0.0307,0.0005833,False,False,0.0005833,0.0005833,0.0005833,0.0005833,Observed
2019-08-31,2019.0,35.0,2.0,37.6,0.0293,0.000586,False,False,0.000586,0.000586,0.000586,0.000586,Observed
2019-09-07,2019.0,36.0,2.0,23.0,0.0328,0.000656,False,False,0.000656,0.000656,0.000656,0.000656,Observed
2019-09-14,2019.0,37.0,2.5,36.8,0.0322,0.000805,False,False,0.000805,0.000805,0.000805,0.000805,Observed
2019-09-21,2019.0,38.0,2.7,37.3,0.0286,0.0007722,False,False,0.0007722,0.0007722,0.0007722,0.0007722,Observed
2019-09-28,2019.0,39.0,1.9,35.0,0.0196,0.0003723999999999,False,False,0.0003723999999999,0.0003723999999999,0.0003723999999999,0.0003723999999999,Observed
2019-10-05,2019.0,40.0,2.3,34.1,0.0206,0.0004737999999999,False,False,0.0004737999999999,0.0004737999999999,0.0004737999999999,0.0004737999999999,Observed
2019-10-12,2019.0,41.0,2.0,34.1,0.0141,0.0002819999999999,False,False,0.0002819999999999,0.0002819999999999,0.0002819999999999,0.0002819999999999,Observed
2019-10-19,2019.0,42.0,1.7,29.4,0.0144,0.0002448,False,False,0.0002448,0.0002448,0.0002448,0.0002448,Observed
2019-10-26,2019.0,43.0,2.1,27.2,0.0177,0.0003717,False,False,0.0003717,0.0003717,0.0003717,0.0003717,Observed
2019-11-02,2019.0,44.0,3.1,32.3,0.0163,0.0005053,False,False,0.0005053,0.0005053,0.0005053,0.0005053,Observed
2019-11-09,2019.0,45.0,2.3,32.0,0.0153,0.0003519,False,False,0.0003519,0.0003519,0.0003519,0.0003519,Observed
2019-11-16,2019.0,46.0,2.0,21.7,0.0162,0.0003239999999999,False,False,0.0003239999999999,0.0003239999999999,0.0003239999999999,0.0003239999999999,Observed
2019-11-23,2019.0,47.0,1.8,22.5,0.0157,0.0002826,False,False,0.0002826,0.0002826,0.0002826,0.0002826,Observed
2019-11-30,2019.0,48.0,1.9,27.2,0.0163,0.0003096999999999,False,False,0.0003096999999999,0.0003096999999999,0.0003096999999999,0.0003096999999999,Observed
2019-12-07,2019.0,49.0,2.4,16.2,0.0235,0.0005639999999999,False,False,0.0005639999999999,0.0005639999999999,0.0005639999999999,0.0005639999999999,Observed
2019-12-14,2019.0,50.0,2.5,26.4,0.0318,0.000795,False,False,0.000795,0.000795,0.000795,0.000795,Observed
2019-12-21,2019.0,51.0,2.6,28.0,0.0462,0.0012012,False,False,0.0012012,0.0012012,0.0012012,0.0012012,Observed
2019-12-28,2019.0,52.0,3.2,29.1,0.0645,0.002064,False,False,0.002064,0.002064,0.002064,0.002064,Observed
2020-01-04,2020.0,1.0,4.1,28.7,0.1035,0.0042434999999999,False,False,0.0042434999999999,0.0042434999999999,0.0042434999999999,0.0042434999999999,Observed
2020-01-11,2020.0,2.0,6.1,39.0,0.1757,0.0107176999999999,False,False,0.0107176999999999,0.0107176999999999,0.0107176999999999,0.0107176999999999,Observed
2020-01-18,2020.0,3.0,5.7,34.8,0.1827,0.0104139,False,False,0.0104139,0.0104139,0.0104139,0.0104139,Observed
2020-01-25,2020.0,4.0,6.7,15.5,0.1876,0.0125691999999999,False,False,0.0125691999999999,0.0125691999999999,0.0125691999999999,0.0125691999999999,Observed
2020-02-01,2020.0,5.0,4.5,20.5,0.1417,0.0063764999999999,False,False,0.0063764999999999,0.0063764999999999,0.0063764999999999,0.0063764999999999,Observed
2020-02-08,2020.0,6.0,2.1,29.1,0.0566,0.0011886,False,False,0.0011886,0.0011886,0.0011886,0.0011886,Observed
2020-02-15,2020.0,7.0,1.9,30.2,0.0187,0.0003553,False,False,0.0003553,0.0003553,0.0003553,0.0003553,Observed
2020-02-22,2020.0,8.0,1.2,26.6,0.0041,4.92e-05,False,False,4.92e-05,4.92e-05,4.92e-05,4.92e-05,Observed
2020-02-29,2020.0,9.0,1.7,27.5,0.0036,6.12e-05,False,False,6.12e-05,6.12e-05,6.12e-05,6.12e-05,Observed
2020-03-07,2020.0,10.0,1.1,24.1,0.0017,1.87e-05,False,False,1.87e-05,1.87e-05,1.87e-05,1.87e-05,Observed
2020-03-14,2020.0,11.0,1.3,30.2,0.0038,4.94e-05,False,False,4.94e-05,4.94e-05,4.94e-05,4.94e-05,Observed
2020-03-21,2020.0,12.0,1.6,20.5,0.0045,7.2e-05,False,False,7.2e-05,7.2e-05,7.2e-05,7.2e-05,Observed
2020-03-28,2020.0,13.0,1.2,19.3,0.0016,1.92e-05,False,False,1.92e-05,1.92e-05,1.92e-05,1.92e-05,Observed
2020-04-04,2020.0,14.0,1.3,12.1,0.0017,,True,True,2.21e-05,0.0016512236363637346,0.0,1.8894545454545455e-05,"Imputed via seasonal decomposition + linear interpolation. Original value was 0.0000221. Treat as estimated, not observed."
2020-04-11,2020.0,15.0,0.9,14.4,0.0005,,True,True,4.5e-06,0.004611447272727319,0.0,1.8589090909090908e-05,"Imputed via seasonal decomposition + linear interpolation. Original value was 0.0000045. Treat as estimated, not observed."
2020-05-30,2020.0,22.0,0.6,17.0,0.0005,,True,True,3e-06,0.0,0.0,1.8283636363636364e-05,"Imputed via seasonal decomposition + linear interpolation. Original value was 0.0000030. Treat as estimated, not observed."
2020-10-03,2020.0,40.0,0.5,15.6,0.0007,,True,True,3.5e-06,0.0,0.0,1.7978181818181817e-05,"Imputed via seasonal decomposition + linear interpolation. Original value was 0.0000035. Treat as estimated, not observed."
2020-10-17,2020.0,42.0,0.4,14.1,0.0007,,True,True,2.8000000000000003e-06,0.0,0.0,1.7672727272727274e-05,"Imputed via seasonal decomposition + linear interpolation. Original value was 0.0000028. Treat as estimated, not observed."
2020-10-24,2020.0,43.0,0.5,13.1,0.0018,,True,True,9e-06,0.0,0.0,1.7367272727272726e-05,"Imputed via seasonal decomposition + linear interpolation. Original value was 0.0000090. Treat as estimated, not observed."
2020-10-31,2020.0,44.0,0.9,17.2,0.0019,,True,True,1.7100000000000002e-05,0.0,0.0,1.7061818181818183e-05,"Imputed via seasonal decomposition + linear interpolation. Original value was 0.0000171. Treat as estimated, not observed."
2020-11-07,2020.0,45.0,0.8,16.1,0.0019,,True,True,1.5200000000000002e-05,0.00015038909090917636,0.0,1.6756363636363635e-05,"Imputed via seasonal decomposition + linear interpolation. Original value was 0.0000152. Treat as estimated, not observed."
2020-11-14,2020.0,46.0,1.3,29.4,0.0006,,True,True,7.8e-06,4.631272727281116e-05,0.0,1.6450909090909092e-05,"Imputed via seasonal decomposition + linear interpolation. Original value was 0.0000078. Treat as estimated, not observed."
2020-11-28,2020.0,48.0,1.1,22.3,0.001,,True,True,1.1e-05,5.5236363636345385e-05,0.0,1.6145454545454545e-05,"Imputed via seasonal decomposition + linear interpolation. Original value was 0.0000110. Treat as estimated, not observed."
2020-12-05,2020.0,49.0,0.8,21.6,0.0064,,True,True,5.12e-05,0.00019375999999998012,0.0,1.584e-05,"Imputed via seasonal decomposition + linear interpolation. Original value was 0.0000512. Treat as estimated, not observed."
2020-12-12,2020.0,50.0,0.6,20.5,0.0041,,True,True,2.46e-05,2.2836363636146405e-06,0.0,1.5534545454545454e-05,"Imputed via seasonal decomposition + linear interpolation. Original value was 0.0000246. Treat as estimated, not observed."
2020-12-19,2020.0,51.0,0.6,22.0,0.0029,,True,True,1.7399999999999996e-05,0.0003716072727273493,0.0,1.522909090909091e-05,"Imputed via seasonal decomposition + linear interpolation. Original value was 0.0000174. Treat as estimated, not observed."
2020-12-26,2020.0,52.0,0.4,20.3,0.0012,,True,True,4.8e-06,0.0008189309090909837,0.0,1.4923636363636363e-05,"Imputed via seasonal decomposition + linear interpolation. Original value was 0.0000048. Treat as estimated, not observed."
2021-01-02,2021.0,1.0,0.7,19.8,0.0009,,True,True,6.3e-06,0.001221254545454618,0.0,1.4618181818181819e-05,"Imputed via seasonal decomposition + linear interpolation. Original value was 0.0000063. Treat as estimated, not observed."
2021-01-09,2021.0,2.0,0.5,19.8,0.0005,,True,True,2.5e-06,0.00033567818181825257,0.0,1.4312727272727272e-05,"Imputed via seasonal decomposition + linear interpolation. Original value was 0.0000025. Treat as estimated, not observed."
2021-01-23,2021.0,4.0,0.5,23.3,0.0004,,True,True,2e-06,0.0012154018181817871,0.0,1.4007272727272728e-05,"Imputed via seasonal decomposition + linear interpolation. Original value was 0.0000020. Treat as estimated, not observed."
2021-01-30,2021.0,5.0,0.5,13.2,0.0008,,True,True,4e-06,0.0007966254545455219,0.0,1.3701818181818181e-05,"Imputed via seasonal decomposition + linear interpolation. Original value was 0.0000040. Treat as estimated, not observed."
2021-02-06,2021.0,6.0,0.5,16.5,0.0002,,True,True,1e-06,0.002085549090909157,0.0,1.3396363636363637e-05,"Imputed via seasonal decomposition + linear interpolation. Original value was 0.0000010. Treat as estimated, not observed."
2021-02-27,2021.0,9.0,0.6,6.2,0.0002,,True,True,1.2e-06,0.001367872727272791,0.0,1.309090909090909e-05,"Imputed via seasonal decomposition + linear interpolation. Original value was 0.0000012. Treat as estimated, not observed."
2021-03-06,2021.0,10.0,0.6,15.5,0.0002,,True,True,1.2e-06,0.0007623963636364255,0.0,1.2785454545454546e-05,"Imputed via seasonal decomposition + linear interpolation. Original value was 0.0000012. Treat as estimated, not observed."
2021-03-20,2021.0,12.0,0.5,6.2,0.0002,,True,True,1e-06,0.0,0.0,1.2479999999999999e-05,"Imputed via seasonal decomposition + linear interpolation. Original value was 0.0000010. Treat as estimated, not observed."
2021-03-27,2021.0,13.0,0.4,14.3,0.0003,,True,True,1.2e-06,0.0,0.0,1.2174545454545455e-05,"Imputed via seasonal decomposition + linear interpolation. Original value was 0.0000012. Treat as estimated, not observed."
2021-04-17,2021.0,16.0,0.5,10.9,0.0002,,True,True,1e-06,0.0021204672727273294,0.0,1.186909090909091e-05,"Imputed via seasonal decomposition + linear interpolation. Original value was 0.0000010. Treat as estimated, not observed."
2021-04-24,2021.0,17.0,0.7,8.6,0.0003,,True,True,2.1e-06,0.0007579909090909636,0.0,1.1563636363636364e-05,"Imputed via seasonal decomposition + linear interpolation. Original value was 0.0000021. Treat as estimated, not observed."
2021-07-24,2021.0,30.0,0.5,10.1,0.0008,,True,True,4e-06,0.0,0.0,1.1258181818181819e-05,"Imputed via seasonal decomposition + linear interpolation. Original value was 0.0000040. Treat as estimated, not observed."
2021-09-18,2021.0,38.0,0.4,20.3,0.0007,,True,True,2.8000000000000003e-06,0.0,0.0,1.0952727272727274e-05,"Imputed via seasonal decomposition + linear interpolation. Original value was 0.0000028. Treat as estimated, not observed."
2021-10-16,2021.0,42.0,0.3,16.8,0.0046,,True,True,1.38e-05,0.0,0.0,1.0647272727272728e-05,"Imputed via seasonal decomposition + linear interpolation. Original value was 0.0000138. Treat as estimated, not observed."
2021-10-23,2021.0,43.0,0.4,13.4,0.0039,,True,True,1.56e-05,0.0,0.0,1.0341818181818183e-05,"Imputed via seasonal decomposition + linear interpolation. Original value was 0.0000156. Treat as estimated, not observed."
2021-10-30,2021.0,44.0,0.7,19.4,0.0068,,True,True,4.76e-05,0.0,0.0,1.0036363636363637e-05,"Imputed via seasonal decomposition + linear interpolation. Original value was 0.0000476. Treat as estimated, not observed."
2021-11-06,2021.0,45.0,0.9,9.6,0.0044,,True,True,3.960000000000001e-05,0.0013983327272727212,0.0,9.730909090909092e-06,"Imputed via seasonal decomposition + linear interpolation. Original value was 0.0000396. Treat as estimated, not observed."
2021-11-13,2021.0,46.0,0.6,16.0,0.0062,,True,True,3.72e-05,0.0018158063636364056,0.0,9.425454545454546e-06,"Imputed via seasonal decomposition + linear interpolation. Original value was 0.0000372. Treat as estimated, not observed."
2021-11-20,2021.0,47.0,0.9,19.2,0.0034,,True,True,3.06e-05,0.00254333000000004,0.0,9.12e-06,"Imputed via seasonal decomposition + linear interpolation. Original value was 0.0000306. Treat as estimated, not observed."
2021-11-27,2021.0,48.0,1.1,21.0,0.0056,,True,True,6.16e-05,0.0006034036363636746,0.0,8.814545454545455e-06,"Imputed via seasonal decomposition + linear interpolation. Original value was 0.0000616. Treat as estimated, not observed."
2021-12-04,2021.0,49.0,0.8,23.2,0.0041,,True,True,3.2800000000000004e-05,0.0,0.0,8.50909090909091e-06,"Imputed via seasonal decomposition + linear interpolation. Original value was 0.0000328. Treat as estimated, not observed."
2021-12-11,2021.0,50.0,0.9,25.6,0.0026,,True,True,2.34e-05,0.0,0.0,8.203636363636364e-06,"Imputed via seasonal decomposition + linear interpolation. Original value was 0.0000234. Treat as estimated, not observed."
2021-12-18,2021.0,51.0,0.8,27.1,0.0013,,True,True,1.04e-05,0.0,0.0,7.898181818181819e-06,"Imputed via seasonal decomposition + linear interpolation. Original value was 0.0000104. Treat as estimated, not observed."
2022-01-01,2022.0,1.0,0.7,25.9,0.0014,,True,True,9.8e-06,0.0,0.0,7.5927272727272735e-06,"Imputed via seasonal decomposition + linear interpolation. Original value was 0.0000098. Treat as estimated, not observed."
2022-01-15,2022.0,3.0,0.7,13.3,0.0007,,True,True,4.9e-06,0.0,0.0,7.287272727272728e-06,"Imputed via seasonal decomposition + linear interpolation. Original value was 0.0000049. Treat as estimated, not observed."
2022-05-21,2022.0,21.0,0.3,5.6,0.002,,True,True,6e-06,0.0026843454545454823,0.0,6.981818181818183e-06,"Imputed via seasonal decomposition + linear interpolation. Original value was 0.0000060. Treat as estimated, not observed."
2022-06-04,2022.0,23.0,0.4,6.8,0.0018,,True,True,7.2000000000000005e-06,0.0026527690909091163,0.0,6.676363636363637e-06,"Imputed via seasonal decomposition + linear interpolation. Original value was 0.0000072. Treat as estimated, not observed."
2022-06-11,2022.0,24.0,0.5,11.4,0.0015,,True,True,7.5e-06,0.003718192727272651,0.0,6.370909090909092e-06,"Imputed via seasonal decomposition + linear interpolation. Original value was 0.0000075. Treat as estimated, not observed."
2022-06-18,2022.0,25.0,1.0,16.5,0.0065,,True,True,6.5e-05,0.004527516363636385,0.0,6.065454545454546e-06,"Imputed via seasonal decomposition + linear interpolation. Original value was 0.0000650. Treat as estimated, not observed."
2022-06-25,2022.0,26.0,0.7,23.7,0.0032,,True,True,2.24e-05,0.00399544000000002,0.0,5.760000000000001e-06,"Imputed via seasonal decomposition + linear interpolation. Original value was 0.0000224. Treat as estimated, not observed."
2022-07-02,2022.0,27.0,1.0,18.0,0.0022,,True,True,2.2000000000000003e-05,0.0007306636363636546,0.0,5.454545454545455e-06,"Imputed via seasonal decomposition + linear interpolation. Original value was 0.0000220. Treat as estimated, not observed."
2022-07-09,2022.0,28.0,0.4,9.7,0.0006,,True,True,2.4e-06,0.0014568872727272891,0.0,5.14909090909091e-06,"Imputed via seasonal decomposition + linear interpolation. Original value was 0.0000024. Treat as estimated, not observed."
2022-07-16,2022.0,29.0,0.6,10.6,0.0021,,True,True,1.26e-05,0.0008269109090909238,0.0,4.843636363636364e-06,"Imputed via seasonal decomposition + linear interpolation. Original value was 0.0000126. Treat as estimated, not observed."
2022-07-23,2022.0,30.0,0.4,9.6,0.0007,,True,True,2.8000000000000003e-06,0.00014433454545455834,0.0,4.538181818181821e-06,"Imputed via seasonal decomposition + linear interpolation. Original value was 0.0000028. Treat as estimated, not observed."
2022-07-30,2022.0,31.0,0.5,10.3,0.0013,,True,True,6.5e-06,0.0005337581818181927,0.0,4.232727272727275e-06,"Imputed via seasonal decomposition + linear interpolation. Original value was 0.0000065. Treat as estimated, not observed."
2022-08-06,2022.0,32.0,0.7,7.2,0.0006,,True,True,4.2e-06,0.0015001818181818271,7.905031359622255e-07,3.92727272727273e-06,"Imputed via seasonal decomposition + linear interpolation. Original value was 0.0000042. Treat as estimated, not observed."
2022-08-13,2022.0,33.0,0.3,9.4,0.0025,,True,True,7.5e-06,0.0021851054545454617,6.0811466346065955e-06,3.6218181818181826e-06,"Imputed via seasonal decomposition + linear interpolation. Original value was 0.0000075. Treat as estimated, not observed."
2022-08-20,2022.0,34.0,0.5,10.3,0.0011,,True,True,5.500000000000001e-06,0.0010032290909089965,9.035033730312066e-06,3.316363636363639e-06,"Imputed via seasonal decomposition + linear interpolation. Original value was 0.0000055. Treat as estimated, not observed."
2022-08-27,2022.0,35.0,0.4,11.4,0.0011,,True,True,4.400000000000001e-06,0.002635252727272731,9.504548763098787e-06,3.0109090909090917e-06,"Imputed via seasonal decomposition + linear interpolation. Original value was 0.0000044. Treat as estimated, not observed."
2022-09-03,2022.0,36.0,0.6,15.0,0.0005,,True,True,3e-06,0.005595476363636316,7.342076072988212e-06,2.705454545454548e-06,"Imputed via seasonal decomposition + linear interpolation. Original value was 0.0000030. Treat as estimated, not observed."
2022-10-01,2022.0,40.0,0.4,24.6,0.0006,2.4e-06,False,False,2.4e-06,2.4e-06,2.4e-06,2.4e-06,Observed
2022-10-08,2022.0,41.0,0.3,19.4,0.0012,3.5999999999999994e-06,False,False,3.5999999999999994e-06,3.5999999999999994e-06,3.5999999999999994e-06,3.5999999999999994e-06,Observed
2022-10-15,2022.0,42.0,0.8,11.9,0.0027,2.1600000000000003e-05,False,False,2.1600000000000003e-05,2.1600000000000003e-05,2.1600000000000003e-05,2.1600000000000003e-05,Observed
2022-10-22,2022.0,43.0,0.7,18.2,0.0006,4.2e-06,False,False,4.2e-06,4.2e-06,4.2e-06,4.2e-06,Observed
2022-10-29,2022.0,44.0,0.7,15.8,0.0064,4.48e-05,False,False,4.48e-05,4.48e-05,4.48e-05,4.48e-05,Observed
2022-11-05,2022.0,45.0,0.6,17.7,0.0075,4.5e-05,False,False,4.5e-05,4.5e-05,4.5e-05,4.5e-05,Observed
2022-11-12,2022.0,46.0,0.8,13.8,0.0094,7.520000000000001e-05,False,False,7.520000000000001e-05,7.520000000000001e-05,7.520000000000001e-05,7.520000000000001e-05,Observed
2022-11-19,2022.0,47.0,0.6,19.8,0.0095,5.699999999999999e-05,False,False,5.699999999999999e-05,5.699999999999999e-05,5.699999999999999e-05,5.699999999999999e-05,Observed
2022-11-26,2022.0,48.0,0.5,20.1,0.008,4e-05,False,False,4e-05,4e-05,4e-05,4e-05,Observed
2022-12-03,2022.0,49.0,0.6,13.3,0.0072,4.32e-05,False,False,4.32e-05,4.32e-05,4.32e-05,4.32e-05,Observed
2022-12-10,2022.0,50.0,0.6,29.1,0.0052,3.12e-05,False,False,3.12e-05,3.12e-05,3.12e-05,3.12e-05,Observed
2022-12-17,2022.0,51.0,0.3,30.4,0.0015,4.5e-06,False,False,4.5e-06,4.5e-06,4.5e-06,4.5e-06,Observed
2022-12-24,2022.0,52.0,0.6,38.7,0.0075,4.5e-05,False,False,4.5e-05,4.5e-05,4.5e-05,4.5e-05,Observed
2022-12-31,2022.0,53.0,0.3,9.9,0.0061,1.83e-05,False,False,1.83e-05,1.83e-05,1.83e-05,1.83e-05,Observed
2023-01-07,2023.0,1.0,0.5,18.0,0.0066,3.3e-05,False,False,3.3e-05,3.3e-05,3.3e-05,3.3e-05,Observed
2023-01-14,2023.0,2.0,0.9,24.4,0.007,6.300000000000001e-05,False,False,6.300000000000001e-05,6.300000000000001e-05,6.300000000000001e-05,6.300000000000001e-05,Observed
2023-01-21,2023.0,3.0,0.3,15.4,0.0071,2.13e-05,False,False,2.13e-05,2.13e-05,2.13e-05,2.13e-05,Observed
2023-01-28,2023.0,4.0,1.2,16.9,0.0109,0.0001307999999999,False,False,0.0001307999999999,0.0001307999999999,0.0001307999999999,0.0001307999999999,Observed
2023-02-04,2023.0,5.0,0.8,26.7,0.0129,0.0001032,False,False,0.0001032,0.0001032,0.0001032,0.0001032,Observed
2023-02-11,2023.0,6.0,0.7,32.4,0.0085,5.95e-05,False,False,5.95e-05,5.95e-05,5.95e-05,5.95e-05,Observed
2023-02-18,2023.0,7.0,1.2,30.6,0.0116,0.0001391999999999,False,False,0.0001391999999999,0.0001391999999999,0.0001391999999999,0.0001391999999999,Observed
2023-02-25,2023.0,8.0,0.8,25.7,0.0063,5.0400000000000005e-05,False,False,5.0400000000000005e-05,5.0400000000000005e-05,5.0400000000000005e-05,5.0400000000000005e-05,Observed
2023-03-04,2023.0,9.0,1.3,20.9,0.0075,9.75e-05,False,False,9.75e-05,9.75e-05,9.75e-05,9.75e-05,Observed
2023-03-11,2023.0,10.0,1.5,31.1,0.0169,0.0002535,False,False,0.0002535,0.0002535,0.0002535,0.0002535,Observed
2023-03-18,2023.0,11.0,1.3,30.7,0.0355,0.0004614999999999,False,False,0.0004614999999999,0.0004614999999999,0.0004614999999999,0.0004614999999999,Observed
2023-03-25,2023.0,12.0,1.5,28.5,0.0614,0.000921,False,False,0.000921,0.000921,0.000921,0.000921,Observed
2023-04-01,2023.0,13.0,1.7,42.0,0.1039,0.0017663,False,False,0.0017663,0.0017663,0.0017663,0.0017663,Observed
2023-04-08,2023.0,14.0,1.4,31.0,0.1441,0.0020174,False,False,0.0020174,0.0020174,0.0020174,0.0020174,Observed
2023-04-15,2023.0,15.0,3.0,48.5,0.1745,0.0052349999999999,False,False,0.0052349999999999,0.0052349999999999,0.0052349999999999,0.0052349999999999,Observed
2023-04-22,2023.0,16.0,3.3,45.0,0.182,0.006006,False,False,0.006006,0.006006,0.006006,0.006006,Observed
2023-04-29,2023.0,17.0,5.2,49.3,0.1476,0.0076752,False,False,0.0076752,0.0076752,0.0076752,0.0076752,Observed
2023-05-06,2023.0,18.0,3.8,56.8,0.0989,0.0037582,False,False,0.0037582,0.0037582,0.0037582,0.0037582,Observed
2023-05-13,2023.0,19.0,3.4,45.5,0.064,0.002176,False,False,0.002176,0.002176,0.002176,0.002176,Observed
2023-05-20,2023.0,20.0,3.1,41.6,0.0383,0.0011873,False,False,0.0011873,0.0011873,0.0011873,0.0011873,Observed
2023-05-27,2023.0,21.0,2.3,35.7,0.0221,0.0005082999999999,False,False,0.0005082999999999,0.0005082999999999,0.0005082999999999,0.0005082999999999,Observed
2023-06-03,2023.0,22.0,2.0,45.8,0.0187,0.000374,False,False,0.000374,0.000374,0.000374,0.000374,Observed
2023-06-10,2023.0,23.0,1.9,27.7,0.0153,0.0002907,False,False,0.0002907,0.0002907,0.0002907,0.0002907,Observed
2023-06-17,2023.0,24.0,2.1,35.9,0.0185,0.0003885,False,False,0.0003885,0.0003885,0.0003885,0.0003885,Observed
2023-06-24,2023.0,25.0,2.2,39.2,0.0265,0.000583,False,False,0.000583,0.000583,0.000583,0.000583,Observed
2023-07-01,2023.0,26.0,2.1,32.3,0.0313,0.0006573,False,False,0.0006573,0.0006573,0.0006573,0.0006573,Observed
2023-07-08,2023.0,27.0,2.6,33.4,0.0571,0.0014846,False,False,0.0014846,0.0014846,0.0014846,0.0014846,Observed
2023-07-15,2023.0,28.0,3.2,24.7,0.077,0.002464,False,False,0.002464,0.002464,0.002464,0.002464,Observed
2023-07-22,2023.0,29.0,2.3,33.9,0.0857,0.0019711,False,False,0.0019711,0.0019711,0.0019711,0.0019711,Observed
2023-07-29,2023.0,30.0,3.1,29.2,0.0864,0.0026784,False,False,0.0026784,0.0026784,0.0026784,0.0026784,Observed
2023-08-05,2023.0,31.0,3.0,10.4,0.0831,0.0024929999999999,False,False,0.0024929999999999,0.0024929999999999,0.0024929999999999,0.0024929999999999,Observed
2023-08-12,2023.0,32.0,3.8,14.0,0.0869,0.0033022,False,False,0.0033022,0.0033022,0.0033022,0.0033022,Observed
2023-08-19,2023.0,33.0,4.2,32.8,0.0983,0.0041286,False,False,0.0041286,0.0041286,0.0041286,0.0041286,Observed
2023-08-26,2023.0,34.0,5.6,56.5,0.106,0.0059359999999999,False,False,0.0059359999999999,0.0059359999999999,0.0059359999999999,0.0059359999999999,Observed
2023-09-02,2023.0,35.0,7.4,42.1,0.1296,0.0095903999999999,False,False,0.0095903999999999,0.0095903999999999,0.0095903999999999,0.0095903999999999,Observed
2023-09-09,2023.0,36.0,4.3,47.7,0.1279,0.0054997,False,False,0.0054997,0.0054997,0.0054997,0.0054997,Observed
2023-09-16,2023.0,37.0,5.0,52.6,0.1159,0.005795,False,False,0.005795,0.005795,0.005795,0.005795,Observed
2023-09-23,2023.0,38.0,10.1,88.4,0.1353,0.0136653,False,False,0.0136653,0.0136653,0.0136653,0.0136653,Observed
2023-09-30,2023.0,39.0,11.3,57.1,0.1494,0.0168822,False,False,0.0168822,0.0168822,0.0168822,0.0168822,Observed
2023-10-07,2023.0,40.0,10.6,42.5,0.133,0.014098,False,False,0.014098,0.014098,0.014098,0.014098,Observed
2023-10-14,2023.0,41.0,7.6,40.1,0.0953,0.0072428,False,False,0.0072428,0.0072428,0.0072428,0.0072428,Observed
2023-10-21,2023.0,42.0,7.2,39.7,0.0646,0.0046512,False,False,0.0046512,0.0046512,0.0046512,0.0046512,Observed
2023-10-28,2023.0,43.0,6.4,40.2,0.0544,0.0034816,False,False,0.0034816,0.0034816,0.0034816,0.0034816,Observed
2023-11-04,2023.0,44.0,5.4,35.5,0.0424,0.0022896,False,False,0.0022896,0.0022896,0.0022896,0.0022896,Observed
2023-11-11,2023.0,45.0,5.5,40.9,0.0369,0.0020295,False,False,0.0020295,0.0020295,0.0020295,0.0020295,Observed
2023-11-18,2023.0,46.0,5.5,45.6,0.0356,0.0019579999999999,False,False,0.0019579999999999,0.0019579999999999,0.0019579999999999,0.0019579999999999,Observed
2023-11-25,2023.0,47.0,5.3,37.0,0.0392,0.0020775999999999,False,False,0.0020775999999999,0.0020775999999999,0.0020775999999999,0.0020775999999999,Observed
2023-12-02,2023.0,48.0,5.4,39.1,0.0452,0.0024408,False,False,0.0024408,0.0024408,0.0024408,0.0024408,Observed
2023-12-09,2023.0,49.0,6.0,34.4,0.0376,0.002256,False,False,0.002256,0.002256,0.002256,0.002256,Observed
2023-12-16,2023.0,50.0,5.4,44.4,0.049,0.002646,False,False,0.002646,0.002646,0.002646,0.002646,Observed
2023-12-23,2023.0,51.0,6.4,14.6,0.057,0.003648,False,False,0.003648,0.003648,0.003648,0.003648,Observed
2023-12-30,2023.0,52.0,7.4,35.3,0.0849,0.0062826,False,False,0.0062826,0.0062826,0.0062826,0.0062826,Observed
2024-01-06,2024.0,1.0,10.1,48.3,0.1177,0.0118877,False,False,0.0118877,0.0118877,0.0118877,0.0118877,Observed
2024-01-13,2024.0,2.0,9.0,61.7,0.1067,0.009603,False,False,0.009603,0.009603,0.009603,0.009603,Observed
2024-01-20,2024.0,3.0,7.9,55.8,0.0691,0.0054589,False,False,0.0054589,0.0054589,0.0054589,0.0054589,Observed
2024-01-27,2024.0,4.0,7.1,33.8,0.049,0.003479,False,False,0.003479,0.003479,0.003479,0.003479,Observed
2024-02-03,2024.0,5.0,8.1,44.4,0.0522,0.0042282,False,False,0.0042282,0.0042282,0.0042282,0.0042282,Observed
2024-02-10,2024.0,6.0,7.6,37.8,0.0638,0.0048487999999999,False,False,0.0048487999999999,0.0048487999999999,0.0048487999999999,0.0048487999999999,Observed
2024-02-17,2024.0,7.0,10.3,54.3,0.066,0.006798,False,False,0.006798,0.006798,0.006798,0.006798,Observed
2024-02-24,2024.0,8.0,10.7,49.2,0.0677,0.0072438999999999,False,False,0.0072438999999999,0.0072438999999999,0.0072438999999999,0.0072438999999999,Observed
2024-03-02,2024.0,9.0,8.8,37.2,0.0685,0.006028,False,False,0.006028,0.006028,0.006028,0.006028,Observed
2024-03-09,2024.0,10.0,8.1,59.9,0.0593,0.0048033,False,False,0.0048033,0.0048033,0.0048033,0.0048033,Observed
2024-03-16,2024.0,11.0,10.1,55.5,0.0674,0.0068074,False,False,0.0068074,0.0068074,0.0068074,0.0068074,Observed
2024-03-23,2024.0,12.0,8.4,55.2,0.0594,0.0049896,False,False,0.0049896,0.0049896,0.0049896,0.0049896,Observed
2024-03-30,2024.0,13.0,6.7,44.9,0.0563,0.0037721,False,False,0.0037721,0.0037721,0.0037721,0.0037721,Observed
2024-04-06,2024.0,14.0,7.1,49.7,0.0587,0.0041677,False,False,0.0041677,0.0041677,0.0041677,0.0041677,Observed
2024-04-13,2024.0,15.0,8.2,57.0,0.0877,0.0071913999999999,False,False,0.0071913999999999,0.0071913999999999,0.0071913999999999,0.0071913999999999,Observed
2024-04-20,2024.0,16.0,9.2,38.2,0.0977,0.0089883999999999,False,False,0.0089883999999999,0.0089883999999999,0.0089883999999999,0.0089883999999999,Observed
2024-04-27,2024.0,17.0,10.3,47.2,0.1063,0.0109489,False,False,0.0109489,0.0109489,0.0109489,0.0109489,Observed
2024-05-04,2024.0,18.0,14.1,61.2,0.1455,0.0205155,False,False,0.0205155,0.0205155,0.0205155,0.0205155,Observed
2024-05-11,2024.0,19.0,14.8,77.1,0.1516,0.0224368,False,False,0.0224368,0.0224368,0.0224368,0.0224368,Observed
2024-05-18,2024.0,20.0,10.9,63.3,0.1287,0.0140283,False,False,0.0140283,0.0140283,0.0140283,0.0140283,Observed
2024-05-25,2024.0,21.0,8.8,44.8,0.0871,0.0076648,False,False,0.0076648,0.0076648,0.0076648,0.0076648,Observed
2024-06-01,2024.0,22.0,8.2,51.5,0.0677,0.0055514,False,False,0.0055514,0.0055514,0.0055514,0.0055514,Observed
2024-06-08,2024.0,23.0,6.1,46.6,0.0599,0.0036539,False,False,0.0036539,0.0036539,0.0036539,0.0036539,Observed
2024-06-15,2024.0,24.0,7.7,42.4,0.0522,0.0040194,False,False,0.0040194,0.0040194,0.0040194,0.0040194,Observed
2024-06-22,2024.0,25.0,7.1,44.3,0.0559,0.0039689,False,False,0.0039689,0.0039689,0.0039689,0.0039689,Observed
2024-06-29,2024.0,26.0,7.8,48.4,0.0643,0.0050153999999999,False,False,0.0050153999999999,0.0050153999999999,0.0050153999999999,0.0050153999999999,Observed
2024-07-06,2024.0,27.0,9.1,45.9,0.0638,0.0058058,False,False,0.0058058,0.0058058,0.0058058,0.0058058,Observed
2024-07-13,2024.0,28.0,8.7,41.6,0.0604,0.0052548,False,False,0.0052548,0.0052548,0.0052548,0.0052548,Observed
2024-07-20,2024.0,29.0,7.1,38.6,0.0516,0.0036635999999999,False,False,0.0036635999999999,0.0036635999999999,0.0036635999999999,0.0036635999999999,Observed
2024-07-27,2024.0,30.0,6.0,44.0,0.0466,0.002796,False,False,0.002796,0.002796,0.002796,0.002796,Observed
2024-08-03,2024.0,31.0,5.5,37.3,0.0369,0.0020295,False,False,0.0020295,0.0020295,0.0020295,0.0020295,Observed
2024-08-10,2024.0,32.0,4.5,34.3,0.0272,0.001224,False,False,0.001224,0.001224,0.001224,0.001224,Observed
2024-08-17,2024.0,33.0,4.1,29.5,0.0187,0.0007667,False,False,0.0007667,0.0007667,0.0007667,0.0007667,Observed
2024-08-24,2024.0,34.0,4.6,35.2,0.0178,0.0008187999999999,False,False,0.0008187999999999,0.0008187999999999,0.0008187999999999,0.0008187999999999,Observed
2024-08-31,2024.0,35.0,4.1,37.5,0.0171,0.0007011,False,False,0.0007011,0.0007011,0.0007011,0.0007011,Observed
2024-09-07,2024.0,36.0,4.2,33.8,0.017,0.000714,False,False,0.000714,0.000714,0.000714,0.000714,Observed
2024-09-14,2024.0,37.0,3.5,35.9,0.0137,0.0004795,False,False,0.0004795,0.0004795,0.0004795,0.0004795,Observed
2024-09-21,2024.0,38.0,4.3,49.9,0.0123,0.0005289,False,False,0.0005289,0.0005289,0.0005289,0.0005289,Observed
2024-09-28,2024.0,39.0,3.7,35.3,0.0117,0.0004329,False,False,0.0004329,0.0004329,0.0004329,0.0004329,Observed
2024-10-05,2024.0,40.0,4.3,31.6,0.0129,0.0005547,False,False,0.0005547,0.0005547,0.0005547,0.0005547,Observed
2024-10-12,2024.0,41.0,4.3,22.6,0.0078,0.0003353999999999,False,False,0.0003353999999999,0.0003353999999999,0.0003353999999999,0.0003353999999999,Observed
2024-10-19,2024.0,42.0,3.9,29.6,0.0048,0.0001871999999999,False,False,0.0001871999999999,0.0001871999999999,0.0001871999999999,0.0001871999999999,Observed
2024-10-26,2024.0,43.0,2.9,33.5,0.005,0.000145,False,False,0.000145,0.000145,0.000145,0.000145,Observed
2024-11-02,2024.0,44.0,3.6,32.9,0.0063,0.0002268,False,False,0.0002268,0.0002268,0.0002268,0.0002268,Observed
2024-11-09,2024.0,45.0,3.9,26.8,0.0062,0.0002418,False,False,0.0002418,0.0002418,0.0002418,0.0002418,Observed
2024-11-16,2024.0,46.0,3.2,33.9,0.0052,0.0001664,False,False,0.0001664,0.0001664,0.0001664,0.0001664,Observed
2024-11-23,2024.0,47.0,3.5,32.4,0.0081,0.0002834999999999,False,False,0.0002834999999999,0.0002834999999999,0.0002834999999999,0.0002834999999999,Observed
2024-11-30,2024.0,48.0,3.9,34.5,0.0096,0.0003743999999999,False,False,0.0003743999999999,0.0003743999999999,0.0003743999999999,0.0003743999999999,Observed
2024-12-07,2024.0,49.0,3.9,38.5,0.011,0.0004289999999999,False,False,0.0004289999999999,0.0004289999999999,0.0004289999999999,0.0004289999999999,Observed
2024-12-14,2024.0,50.0,4.1,36.2,0.0109,0.0004468999999999,False,False,0.0004468999999999,0.0004468999999999,0.0004468999999999,0.0004468999999999,Observed
2024-12-21,2024.0,51.0,4.5,39.0,0.0135,0.0006075,False,False,0.0006075,0.0006075,0.0006075,0.0006075,Observed
2024-12-28,2024.0,52.0,4.9,34.4,0.035,0.001715,False,False,0.001715,0.001715,0.001715,0.001715,Observed
2025-01-04,2025.0,1.0,7.5,33.4,0.0569,0.0042675,False,False,0.0042675,0.0042675,0.0042675,0.0042675,Observed
2025-01-11,2025.0,2.0,8.6,47.0,0.0745,0.0064069999999999,False,False,0.0064069999999999,0.0064069999999999,0.0064069999999999,0.0064069999999999,Observed
2025-01-18,2025.0,3.0,9.9,43.8,0.088,0.008712,False,False,0.008712,0.008712,0.008712,0.008712,Observed
2025-01-25,2025.0,4.0,10.7,46.7,0.1054,0.0112778,False,False,0.0112778,0.0112778,0.0112778,0.0112778,Observed
2025-02-01,2025.0,5.0,10.3,34.7,0.0977,0.0100631,False,False,0.0100631,0.0100631,0.0100631,0.0100631,Observed
2025-02-08,2025.0,6.0,12.7,38.6,0.1024,0.0130047999999999,False,False,0.0130047999999999,0.0130047999999999,0.0130047999999999,0.0130047999999999,Observed
2025-02-15,2025.0,7.0,11.1,47.6,0.0871,0.0096680999999999,False,False,0.0096680999999999,0.0096680999999999,0.0096680999999999,0.0096680999999999,Observed
2025-02-22,2025.0,8.0,9.4,40.3,0.0714,0.0067116,False,False,0.0067116,0.0067116,0.0067116,0.0067116,Observed
2025-03-01,2025.0,9.0,7.2,37.9,0.0553,0.0039816,False,False,0.0039816,0.0039816,0.0039816,0.0039816,Observed
2025-03-08,2025.0,10.0,6.2,44.3,0.0367,0.0022754,False,False,0.0022754,0.0022754,0.0022754,0.0022754,Observed
2025-03-15,2025.0,11.0,5.6,47.3,0.0259,0.0014504,False,False,0.0014504,0.0014504,0.0014504,0.0014504,Observed
2025-03-22,2025.0,12.0,5.2,38.0,0.023,0.001196,False,False,0.001196,0.001196,0.001196,0.001196,Observed
2025-03-29,2025.0,13.0,4.9,45.8,0.0163,0.0007987,False,False,0.0007987,0.0007987,0.0007987,0.0007987,Observed
2025-04-05,2025.0,14.0,5.7,27.9,0.015,0.000855,False,False,0.000855,0.000855,0.000855,0.000855,Observed
2025-04-12,2025.0,15.0,5.4,40.9,0.0106,0.0005724,False,False,0.0005724,0.0005724,0.0005724,0.0005724,Observed
2025-04-19,2025.0,16.0,5.7,41.0,0.0105,0.0005985,False,False,0.0005985,0.0005985,0.0005985,0.0005985,Observed
2025-04-26,2025.0,17.0,4.5,42.1,0.0077,0.0003465,False,False,0.0003465,0.0003465,0.0003465,0.0003465,Observed
2025-05-03,2025.0,18.0,3.8,55.1,0.0091,0.0003458,False,False,0.0003458,0.0003458,0.0003458,0.0003458,Observed
2025-05-10,2025.0,19.0,4.8,44.0,0.0071,0.0003408,False,False,0.0003408,0.0003408,0.0003408,0.0003408,Observed
2025-05-17,2025.0,20.0,5.4,44.6,0.0094,0.0005076,False,False,0.0005076,0.0005076,0.0005076,0.0005076,Observed
2025-05-24,2025.0,21.0,5.0,31.8,0.0074,0.00037,False,False,0.00037,0.00037,0.00037,0.00037,Observed
2025-05-31,2025.0,22.0,4.8,28.4,0.0089,0.0004272,False,False,0.0004272,0.0004272,0.0004272,0.0004272,Observed
2025-06-07,2025.0,23.0,3.6,30.6,0.0084,0.0003024,False,False,0.0003024,0.0003024,0.0003024,0.0003024,Observed
2025-06-14,2025.0,24.0,4.1,34.0,0.0083,0.0003403,False,False,0.0003403,0.0003403,0.0003403,0.0003403,Observed
2025-06-21,2025.0,25.0,4.0,30.7,0.0144,0.000576,False,False,0.000576,0.000576,0.000576,0.000576,Observed
2025-06-28,2025.0,26.0,4.8,33.6,0.0186,0.0008927999999999,False,False,0.0008927999999999,0.0008927999999999,0.0008927999999999,0.0008927999999999,Observed
2025-07-05,2025.0,27.0,4.4,36.1,0.0261,0.0011484,False,False,0.0011484,0.0011484,0.0011484,0.0011484,Observed
2025-07-12,2025.0,28.0,4.2,36.4,0.0277,0.0011634,False,False,0.0011634,0.0011634,0.0011634,0.0011634,Observed
2025-07-19,2025.0,29.0,4.9,24.9,0.0266,0.0013034,False,False,0.0013034,0.0013034,0.0013034,0.0013034,Observed
2025-07-26,2025.0,30.0,5.0,32.9,0.0287,0.0014349999999999,False,False,0.0014349999999999,0.0014349999999999,0.0014349999999999,0.0014349999999999,Observed
2025-08-02,2025.0,31.0,5.3,20.2,0.0295,0.0015634999999999,False,False,0.0015634999999999,0.0015634999999999,0.0015634999999999,0.0015634999999999,Observed
2025-08-09,2025.0,32.0,4.0,23.9,0.0332,0.001328,False,False,0.001328,0.001328,0.001328,0.001328,Observed
2025-08-16,2025.0,33.0,4.3,35.5,0.0395,0.0016985,False,False,0.0016985,0.0016985,0.0016985,0.0016985,Observed
2025-08-23,2025.0,34.0,5.4,29.3,0.049,0.002646,False,False,0.002646,0.002646,0.002646,0.002646,Observed
2025-08-30,2025.0,35.0,6.9,33.1,0.0619,0.0042711,False,False,0.0042711,0.0042711,0.0042711,0.0042711,Observed
2025-09-06,2025.0,36.0,7.8,46.8,0.0697,0.0054366,False,False,0.0054366,0.0054366,0.0054366,0.0054366,Observed
2025-09-13,2025.0,37.0,9.2,45.1,0.0836,0.0076911999999999,False,False,0.0076911999999999,0.0076911999999999,0.0076911999999999,0.0076911999999999,Observed
2025-09-20,2025.0,38.0,13.6,49.2,0.0895,0.0121719999999999,False,False,0.0121719999999999,0.0121719999999999,0.0121719999999999,0.0121719999999999,Observed
2025-09-27,2025.0,39.0,11.7,43.4,0.1016,0.0118871999999999,False,False,0.0118871999999999,0.0118871999999999,0.0118871999999999,0.0118871999999999,Observed
2025-10-04,2025.0,40.0,11.4,41.3,0.097,0.011058,False,False,0.011058,0.011058,0.011058,0.011058,Observed
2025-10-11,2025.0,41.0,13.8,50.0,0.1202,0.0165876,False,False,0.0165876,0.0165876,0.0165876,0.0165876,Observed
2025-10-18,2025.0,42.0,17.9,55.1,0.1184,0.0211936,False,False,0.0211936,0.0211936,0.0211936,0.0211936,Observed
2025-10-25,2025.0,43.0,18.6,46.9,0.1203,0.0223758,False,False,0.0223758,0.0223758,0.0223758,0.0223758,Observed
2025-11-01,2025.0,44.0,13.7,44.3,0.0874,0.0119738,False,False,0.0119738,0.0119738,0.0119738,0.0119738,Observed
2025-11-08,2025.0,45.0,11.3,45.6,0.0773,0.0087349,False,False,0.0087349,0.0087349,0.0087349,0.0087349,Observed
2025-11-15,2025.0,46.0,9.3,50.8,0.0622,0.0057846,False,False,0.0057846,0.0057846,0.0057846,0.0057846,Observed
2025-11-22,2025.0,47.0,8.4,46.1,0.0586,0.0049224,False,False,0.0049224,0.0049224,0.0049224,0.0049224,Observed
2025-11-29,2025.0,48.0,10.2,49.5,0.0648,0.0066095999999999,False,False,0.0066095999999999,0.0066095999999999,0.0066095999999999,0.0066095999999999,Observed
2025-12-06,2025.0,49.0,10.8,46.8,0.0761,0.0082188,False,False,0.0082188,0.0082188,0.0082188,0.0082188,Observed
2025-12-13,2025.0,50.0,9.8,43.4,0.0781,0.0076538,False,False,0.0076538,0.0076538,0.0076538,0.0076538,Observed
2025-12-20,2025.0,51.0,8.0,33.7,0.0617,0.0049359999999999,False,False,0.0049359999999999,0.0049359999999999,0.0049359999999999,0.0049359999999999,Observed
2025-12-27,2025.0,52.0,7.5,35.1,0.0497,0.0037275,False,False,0.0037275,0.0037275,0.0037275,0.0037275,Observed
2026-01-03,2026.0,1.0,7.3,31.3,0.0409,0.0029856999999999,False,False,0.0029856999999999,0.0029856999999999,0.0029856999999999,0.0029856999999999,Observed
2026-01-10,2026.0,2.0,6.5,32.0,0.0392,0.002548,False,False,0.002548,0.002548,0.002548,0.002548,Observed
2026-01-17,2026.0,3.0,8.3,41.0,0.046,0.003818,False,False,0.003818,0.003818,0.003818,0.003818,Observed
2026-01-24,2026.0,4.0,7.1,36.0,0.0434,0.0030814,False,False,0.0030814,0.0030814,0.0030814,0.0030814,Observed
2026-01-31,2026.0,5.0,7.0,28.7,0.0351,0.002457,False,False,0.002457,0.002457,0.002457,0.002457,Observed
2026-02-07,2026.0,6.0,6.7,32.2,0.025,0.001675,False,False,0.001675,0.001675,0.001675,0.001675,Observed
2026-02-14,2026.0,7.0,5.4,22.4,0.0194,0.0010476,False,False,0.0010476,0.0010476,0.0010476,0.0010476,Observed
